transaction_id,vendor,department,payment_terms,invoice_date,due_date,payment_date,invoice_amount,paid_amount,anomaly_type,is_anomaly
TXN-0254,Aramco Services,Operations,Immediate,2023-01-02,2023-01-02,2023-01-05,22606.04,22606.04,Normal,0
TXN-0281,Noor Packaging,Finance,Net 90,2023-01-04,2023-04-04,2023-04-04,10838.0,10838.0,Normal,0
TXN-0119,KSA Office Depot,Logistics,Net 15,2023-01-04,2023-01-19,2023-01-25,24692.58,24692.58,Normal,0
TXN-0140,SABIC Materials,IT,Net 90,2023-01-07,2023-04-07,2023-04-15,3697.12,3697.12,Normal,0
TXN-0256,SABIC Materials,Procurement,Net 60,2023-01-08,2023-03-09,2023-03-15,6718.45,6718.45,Normal,0
TXN-0257,Gulf Trading Co.,IT,Net 90,2023-01-09,2023-04-09,2023-04-09,27269.63,27269.63,Normal,0
TXN-0032,KSA Office Depot,Finance,Net 15,2023-01-10,2023-01-25,2023-01-23,43556.86,43556.86,Normal,0
TXN-0524,Al-Rajhi Supplies,IT,Net 90,2023-01-10,2023-04-09,2023-04-17,25000.0,25000.0,Duplicate Vendor,1
TXN-0514,Al-Rajhi Supplies,Operations,Net 60,2023-01-12,2023-03-10,2023-03-13,25000.0,25000.0,Duplicate Vendor,1
TXN-0240,SABIC Materials,Operations,Net 15,2023-01-13,2023-01-28,2023-02-02,19573.79,19573.79,Normal,0
TXN-0377,Aramco Services,Logistics,Immediate,2023-01-17,2023-01-17,2023-01-16,19887.7,19887.7,Normal,0
TXN-0455,Riyadh Logistics,Logistics,Net 60,2023-01-19,2023-03-20,2023-03-27,6475.58,6475.58,Normal,0
TXN-0362,Riyadh Logistics,Procurement,Net 15,2023-01-19,2023-02-03,2023-02-07,33731.63,33731.63,Normal,0
TXN-0456,Jeddah Wholesale,Operations,Net 90,2023-01-20,2023-04-20,2023-04-15,5248.52,5248.52,Normal,0
TXN-0425,Madinah Goods,Procurement,Net 30,2023-01-20,2023-02-19,2023-02-18,16585.78,16585.78,Normal,0
TXN-0519,Al-Rajhi Supplies,Procurement,Immediate,2023-01-21,2023-01-18,2023-01-15,25000.0,25000.0,Duplicate Vendor,1
TXN-0363,Gulf Trading Co.,Procurement,Net 60,2023-01-22,2023-03-23,2023-03-28,9072.4,9072.4,Normal,0
TXN-0261,Madinah Goods,Operations,Immediate,2023-01-23,2023-01-23,2023-01-27,4714.77,4714.77,Normal,0
TXN-0481,Gulf Trading Co.,IT,Net 30,2023-01-24,2023-02-23,2023-03-03,8934.41,8934.41,Normal,0
TXN-0499,Eastern Retail Ltd,IT,Net 15,2023-01-25,2023-02-09,2023-02-15,4912.34,4912.34,Normal,0
TXN-0410,Gulf Trading Co.,Operations,Net 30,2023-01-26,2023-02-25,2023-03-01,14936.32,14936.32,Normal,0
TXN-0129,Jeddah Wholesale,Procurement,Immediate,2023-01-27,2023-01-27,2023-02-02,10718.44,10718.44,Normal,0
TXN-0190,Madinah Goods,Logistics,Net 15,2023-01-28,2023-02-12,2023-02-13,2945.76,2945.76,Normal,0
TXN-0310,Noor Packaging,Finance,Immediate,2023-01-29,2023-01-29,2023-02-04,8419.0,8419.0,Normal,0
TXN-0033,Aramco Services,Finance,Net 60,2023-01-30,2023-03-31,2023-04-02,9790.84,9790.84,Normal,0
TXN-0058,Madinah Goods,IT,Net 60,2023-01-30,2023-03-31,2023-03-28,7728.19,7728.19,Normal,0
TXN-0169,Noor Packaging,IT,Immediate,2023-01-31,2023-01-31,2023-01-29,8133.04,8133.04,Normal,0
TXN-0176,Noor Packaging,Operations,Net 30,2023-01-31,2023-03-02,2023-03-02,19182.36,19182.36,Normal,0
TXN-0482,Aramco Services,Procurement,Immediate,2023-01-31,2023-01-31,2023-01-28,4608.08,4608.08,Normal,0
TXN-0474,SABIC Materials,IT,Net 30,2023-02-01,2023-03-03,2023-03-04,29539.97,29539.97,Normal,0
TXN-0117,Madinah Goods,Logistics,Net 15,2023-02-01,2023-02-16,2023-02-17,9626.07,9626.07,Normal,0
TXN-0498,Eastern Retail Ltd,Finance,Net 90,2023-02-01,2023-05-02,2023-05-02,8499.21,8499.21,Normal,0
TXN-0467,Noor Packaging,Finance,Net 60,2023-02-01,2023-04-02,2023-03-31,16176.8,16176.8,Normal,0
TXN-0039,SABIC Materials,Operations,Net 60,2023-02-02,2023-04-03,2023-04-08,3420.19,3420.19,Normal,0
TXN-0018,Aramco Services,Logistics,Net 90,2023-02-03,2023-05-04,2023-05-05,12725.94,12725.94,Normal,0
TXN-0059,Riyadh Logistics,Procurement,Immediate,2023-02-04,2023-02-04,2023-02-06,12900.36,12900.36,Normal,0
TXN-0271,Aramco Services,Operations,Net 15,2023-02-04,2023-02-19,2023-02-16,31351.54,31351.54,Normal,0
TXN-0282,Riyadh Logistics,IT,Net 15,2023-02-05,2023-02-20,2023-02-19,16809.59,16809.59,Normal,0
TXN-0209,Riyadh Logistics,Logistics,Net 60,2023-02-08,2023-04-09,2023-04-19,14943.6,14943.6,Normal,0
TXN-0075,Madinah Goods,Procurement,Net 30,2023-02-08,2023-03-10,2023-03-09,1217.07,1217.07,Normal,0
TXN-0012,Al-Rajhi Supplies,Operations,Net 90,2023-02-10,2023-05-11,2023-05-13,6818.65,6818.65,Normal,0
TXN-0010,Madinah Goods,Procurement,Net 15,2023-02-10,2023-02-25,2023-03-01,15276.15,15276.15,Normal,0
TXN-0340,Madinah Goods,Procurement,Net 90,2023-02-12,2023-05-13,2023-05-13,6304.51,6304.51,Normal,0
TXN-0002,Riyadh Logistics,Procurement,Immediate,2023-02-14,2023-02-14,2023-02-22,8860.77,8860.77,Normal,0
TXN-0384,Jeddah Wholesale,Operations,Net 15,2023-02-14,2023-03-01,2023-03-06,6498.95,6498.95,Normal,0
TXN-0463,Eastern Retail Ltd,IT,Net 90,2023-02-14,2023-05-15,2023-05-22,5654.57,5654.57,Normal,0
TXN-0237,Eastern Retail Ltd,IT,Net 90,2023-02-16,2023-05-17,2023-05-24,1958.41,1958.41,Normal,0
TXN-0181,KSA Office Depot,Finance,Net 30,2023-02-16,2023-03-18,2023-03-20,16326.32,16326.32,Normal,0
TXN-0250,Gulf Trading Co.,Procurement,Net 15,2023-02-16,2023-03-03,2023-03-04,13684.04,13684.04,Normal,0
TXN-0051,Al-Rajhi Supplies,IT,Net 30,2023-02-17,2023-03-19,2023-03-21,12826.48,12826.48,Normal,0
TXN-0505,SABIC Materials,Logistics,Net 90,2023-02-17,2023-05-18,2023-05-19,0.0,0.0,Zero Amount,1
TXN-0272,SABIC Materials,Procurement,Net 15,2023-02-19,2023-03-06,2023-03-12,3137.9,3137.9,Normal,0
TXN-0045,Eastern Retail Ltd,Operations,Net 30,2023-02-19,2023-03-21,2023-03-29,3032.62,3032.62,Normal,0
TXN-0248,Jeddah Wholesale,Operations,Net 90,2023-02-20,2023-05-21,2023-05-27,5868.4,5868.4,Normal,0
TXN-0267,Madinah Goods,IT,Net 15,2023-02-20,2023-03-07,2023-03-05,36531.46,36531.46,Normal,0
TXN-0492,Gulf Trading Co.,Operations,Net 30,2023-02-21,2023-03-23,2023-03-19,32336.61,32336.61,Normal,0
TXN-0007,Riyadh Logistics,Operations,Net 90,2023-02-22,2023-05-23,2023-05-20,35009.34,35009.34,Normal,0
TXN-0305,Aramco Services,Operations,Net 60,2023-02-22,2023-04-23,2023-04-22,9733.01,9733.01,Normal,0
TXN-0370,Madinah Goods,Finance,Net 90,2023-02-22,2023-05-23,2023-05-20,5332.59,5332.59,Normal,0
TXN-0137,SABIC Materials,IT,Net 60,2023-02-22,2023-04-23,2023-04-27,5289.07,5289.07,Normal,0
TXN-0457,Noor Packaging,IT,Immediate,2023-02-24,2023-02-24,2023-03-01,9084.96,9084.96,Normal,0
TXN-0224,Gulf Trading Co.,Logistics,Net 15,2023-02-24,2023-03-11,2023-03-13,2723.92,2723.92,Normal,0
TXN-0408,Aramco Services,IT,Immediate,2023-02-24,2023-02-24,2023-03-01,8831.64,8831.64,Normal,0
TXN-0260,Aramco Services,IT,Immediate,2023-02-25,2023-02-25,2023-03-06,18392.67,18392.67,Normal,0
TXN-0380,Aramco Services,Finance,Net 60,2023-02-28,2023-04-29,2023-04-24,5184.15,5184.15,Normal,0
TXN-0243,Al-Rajhi Supplies,Finance,Net 15,2023-03-01,2023-03-16,2023-03-14,14823.81,14823.81,Normal,0
TXN-0069,SABIC Materials,Operations,Net 90,2023-03-01,2023-05-30,2023-05-28,13217.66,13217.66,Normal,0
TXN-0293,Noor Packaging,Finance,Net 90,2023-03-03,2023-06-01,2023-05-27,6176.51,6176.51,Normal,0
TXN-0193,Noor Packaging,Logistics,Net 15,2023-03-04,2023-03-19,2023-03-14,11746.08,11746.08,Normal,0
TXN-0350,Noor Packaging,Operations,Net 90,2023-03-04,2023-06-02,2023-05-29,8343.54,8343.54,Normal,0
TXN-0238,Al-Rajhi Supplies,Finance,Immediate,2023-03-05,2023-03-05,2023-03-14,11489.21,11489.21,Normal,0
TXN-0366,Al-Rajhi Supplies,Finance,Net 90,2023-03-05,2023-06-03,2023-06-09,7179.78,7179.78,Normal,0
TXN-0035,SABIC Materials,IT,Net 60,2023-03-07,2023-05-06,2023-05-16,19111.32,19111.32,Normal,0
TXN-0422,KSA Office Depot,IT,Net 30,2023-03-07,2023-04-06,2023-04-04,40306.69,40306.69,Normal,0
TXN-0294,Jeddah Wholesale,Logistics,Net 60,2023-03-08,2023-05-07,2023-05-14,19529.5,19529.5,Normal,0
TXN-0383,Jeddah Wholesale,Operations,Net 30,2023-03-11,2023-04-10,2023-04-07,1809.64,1809.64,Normal,0
TXN-0338,Riyadh Logistics,Operations,Immediate,2023-03-12,2023-03-12,2023-03-15,7653.29,7653.29,Normal,0
TXN-0520,Al-Rajhi Supplies,Procurement,Net 15,2023-03-12,2023-03-27,2023-03-29,0.0,0.0,Zero Amount,1
TXN-0518,Riyadh Logistics,Finance,Net 60,2023-03-13,2023-05-12,2023-05-22,4527.64,702.75,Partial Payment,1
TXN-0242,Noor Packaging,Logistics,Net 30,2023-03-13,2023-04-12,2023-04-08,9029.13,9029.13,Normal,0
TXN-0236,SABIC Materials,Logistics,Net 30,2023-03-14,2023-04-13,2023-04-15,16434.45,16434.45,Normal,0
TXN-0341,Noor Packaging,Logistics,Immediate,2023-03-17,2023-03-17,2023-03-25,5126.73,5126.73,Normal,0
TXN-0322,Noor Packaging,Finance,Immediate,2023-03-18,2023-03-18,2023-03-23,15932.65,15932.65,Normal,0
TXN-0165,KSA Office Depot,Procurement,Net 60,2023-03-18,2023-05-17,2023-05-21,21390.47,21390.47,Normal,0
TXN-0525,SABIC Materials,Procurement,Immediate,2023-03-18,2023-03-18,2023-03-20,0.0,0.0,Zero Amount,1
TXN-0470,Gulf Trading Co.,Operations,Net 15,2023-03-20,2023-04-04,2023-04-13,6243.81,6243.81,Normal,0
TXN-0329,Gulf Trading Co.,Operations,Net 60,2023-03-21,2023-05-20,2023-05-17,16306.12,16306.12,Normal,0
TXN-0284,Eastern Retail Ltd,Logistics,Net 90,2023-03-22,2023-06-20,2023-06-26,3676.61,3676.61,Normal,0
TXN-0028,SABIC Materials,Finance,Net 15,2023-03-22,2023-04-06,2023-04-15,13367.19,13367.19,Normal,0
TXN-0475,KSA Office Depot,IT,Net 60,2023-03-26,2023-05-25,2023-05-30,36900.27,36900.27,Normal,0
TXN-0299,Eastern Retail Ltd,Procurement,Net 90,2023-03-29,2023-06-27,2023-07-06,18963.85,18963.85,Normal,0
TXN-0433,Al-Rajhi Supplies,IT,Net 15,2023-03-29,2023-04-13,2023-04-20,7978.25,7978.25,Normal,0
TXN-0462,Noor Packaging,IT,Net 60,2023-03-31,2023-05-30,2023-06-06,10180.31,10180.31,Normal,0
TXN-0087,Al-Rajhi Supplies,Procurement,Net 90,2023-04-02,2023-07-01,2023-07-04,20585.08,20585.08,Normal,0
TXN-0280,KSA Office Depot,Finance,Net 30,2023-04-03,2023-05-03,2023-05-06,7271.73,7271.73,Normal,0
TXN-0355,Gulf Trading Co.,IT,Net 15,2023-04-06,2023-04-21,2023-04-18,9747.7,9747.7,Normal,0
TXN-0490,Aramco Services,Operations,Net 90,2023-04-07,2023-07-06,2023-07-04,20036.52,20036.52,Normal,0
TXN-0055,Madinah Goods,Logistics,Net 60,2023-04-08,2023-06-07,2023-06-11,22579.54,22579.54,Normal,0
TXN-0048,SABIC Materials,Operations,Net 60,2023-04-08,2023-06-07,2023-06-16,23056.38,23056.38,Normal,0
TXN-0412,Aramco Services,IT,Net 90,2023-04-08,2023-07-07,2023-07-07,4025.02,4025.02,Normal,0
TXN-0149,Madinah Goods,Procurement,Immediate,2023-04-08,2023-04-08,2023-04-05,15026.24,15026.24,Normal,0
TXN-0011,KSA Office Depot,Finance,Immediate,2023-04-09,2023-04-09,2023-04-06,6831.27,6831.27,Normal,0
TXN-0095,Noor Packaging,IT,Net 60,2023-04-09,2023-06-08,2023-06-16,7232.31,7232.31,Normal,0
TXN-0440,Noor Packaging,IT,Net 15,2023-04-09,2023-04-24,2023-04-26,9466.95,9466.95,Normal,0
TXN-0387,Madinah Goods,Operations,Net 30,2023-04-13,2023-05-13,2023-05-12,13009.11,13009.11,Normal,0
TXN-0252,Gulf Trading Co.,Operations,Immediate,2023-04-16,2023-04-16,2023-04-13,20625.63,20625.63,Normal,0
TXN-0437,Al-Rajhi Supplies,Operations,Immediate,2023-04-17,2023-04-17,2023-04-22,36420.7,36420.7,Normal,0
TXN-0014,Riyadh Logistics,Finance,Net 90,2023-04-18,2023-07-17,2023-07-20,2141.74,2141.74,Normal,0
TXN-0292,Al-Rajhi Supplies,Operations,Net 90,2023-04-19,2023-07-18,2023-07-17,6671.5,6671.5,Normal,0
TXN-0508,Aramco Services,Finance,Net 30,2023-04-19,2023-05-19,2023-05-20,4958.25,1926.89,Partial Payment,1
TXN-0276,SABIC Materials,IT,Immediate,2023-04-19,2023-04-19,2023-04-18,14323.87,14323.87,Normal,0
TXN-0382,Noor Packaging,Finance,Net 15,2023-04-20,2023-05-05,2023-05-09,6127.16,6127.16,Normal,0
TXN-0253,Madinah Goods,Operations,Immediate,2023-04-21,2023-04-21,2023-04-23,54053.25,54053.25,Normal,0
TXN-0283,Al-Rajhi Supplies,Procurement,Immediate,2023-04-21,2023-04-21,2023-04-28,35200.43,35200.43,Normal,0
TXN-0348,SABIC Materials,Procurement,Net 90,2023-04-21,2023-07-20,2023-07-19,3210.01,3210.01,Normal,0
TXN-0003,Al-Rajhi Supplies,Procurement,Net 30,2023-04-22,2023-05-22,2023-05-24,16616.49,16616.49,Normal,0
TXN-0507,Gulf Trading Co.,IT,Immediate,2023-04-22,2023-04-22,2023-07-04,6161.56,6161.56,Late Payment,1
TXN-0521,SABIC Materials,Operations,Net 30,2023-04-22,2023-05-22,2023-05-31,64891.4,64891.4,High Amount,1
TXN-0247,Noor Packaging,Procurement,Net 90,2023-04-22,2023-07-21,2023-07-30,6768.56,6768.56,Normal,0
TXN-0022,KSA Office Depot,Logistics,Net 90,2023-04-23,2023-07-22,2023-07-21,8261.64,8261.64,Normal,0
TXN-0106,Al-Rajhi Supplies,Procurement,Net 15,2023-04-23,2023-05-08,2023-05-08,13673.85,13673.85,Normal,0
TXN-0302,Eastern Retail Ltd,Finance,Net 90,2023-04-24,2023-07-23,2023-07-28,6322.41,6322.41,Normal,0
TXN-0084,Aramco Services,Finance,Net 60,2023-04-25,2023-06-24,2023-06-19,6537.98,6537.98,Normal,0
TXN-0195,Madinah Goods,Logistics,Net 30,2023-04-26,2023-05-26,2023-05-24,11367.85,11367.85,Normal,0
TXN-0278,SABIC Materials,Finance,Immediate,2023-04-26,2023-04-26,2023-05-04,6123.12,6123.12,Normal,0
TXN-0441,Noor Packaging,IT,Net 90,2023-04-26,2023-07-25,2023-07-29,13456.97,13456.97,Normal,0
TXN-0175,Eastern Retail Ltd,Procurement,Immediate,2023-04-26,2023-04-26,2023-04-25,12349.28,12349.28,Normal,0
TXN-0167,KSA Office Depot,IT,Immediate,2023-04-26,2023-04-26,2023-05-03,19103.91,19103.91,Normal,0
TXN-0449,Gulf Trading Co.,Procurement,Immediate,2023-04-26,2023-04-26,2023-04-28,6561.05,6561.05,Normal,0
TXN-0158,SABIC Materials,Operations,Net 90,2023-04-27,2023-07-26,2023-08-01,14458.91,14458.91,Normal,0
TXN-0041,Al-Rajhi Supplies,Procurement,Net 30,2023-04-28,2023-05-28,2023-05-25,17868.12,17868.12,Normal,0
TXN-0040,Al-Rajhi Supplies,IT,Immediate,2023-04-28,2023-04-28,2023-04-30,11585.26,11585.26,Normal,0
TXN-0155,Noor Packaging,Finance,Net 90,2023-04-29,2023-07-28,2023-07-26,12512.18,12512.18,Normal,0
TXN-0376,Al-Rajhi Supplies,Operations,Net 30,2023-05-01,2023-05-31,2023-06-06,5356.8,5356.8,Normal,0
TXN-0062,Noor Packaging,Operations,Net 90,2023-05-03,2023-08-01,2023-08-04,8531.09,8531.09,Normal,0
TXN-0044,KSA Office Depot,IT,Net 15,2023-05-05,2023-05-20,2023-05-30,7778.49,7778.49,Normal,0
TXN-0145,SABIC Materials,Finance,Net 15,2023-05-05,2023-05-20,2023-05-29,12184.33,12184.33,Normal,0
TXN-0105,Eastern Retail Ltd,Logistics,Net 15,2023-05-05,2023-05-20,2023-05-19,8699.07,8699.07,Normal,0
TXN-0493,Jeddah Wholesale,IT,Net 30,2023-05-06,2023-06-05,2023-06-01,10529.06,10529.06,Normal,0
TXN-0103,Riyadh Logistics,Procurement,Net 30,2023-05-06,2023-06-05,2023-06-15,7523.81,7523.81,Normal,0
TXN-0066,Riyadh Logistics,Finance,Net 30,2023-05-06,2023-06-05,2023-06-11,29289.72,29289.72,Normal,0
TXN-0001,SABIC Materials,Procurement,Net 90,2023-05-06,2023-08-04,2023-08-06,14726.02,14726.02,Normal,0
TXN-0489,Madinah Goods,Logistics,Net 60,2023-05-07,2023-07-06,2023-07-15,38166.49,38166.49,Normal,0
TXN-0060,Eastern Retail Ltd,Procurement,Immediate,2023-05-07,2023-05-07,2023-05-03,21599.73,21599.73,Normal,0
TXN-0411,Eastern Retail Ltd,IT,Net 15,2023-05-08,2023-05-23,2023-05-23,17488.38,17488.38,Normal,0
TXN-0255,Riyadh Logistics,Operations,Immediate,2023-05-09,2023-05-09,2023-05-09,2935.12,2935.12,Normal,0
TXN-0229,Gulf Trading Co.,Operations,Immediate,2023-05-09,2023-05-09,2023-05-08,5584.54,5584.54,Normal,0
TXN-0163,Aramco Services,Operations,Net 30,2023-05-10,2023-06-09,2023-06-19,25006.13,25006.13,Normal,0
TXN-0188,Jeddah Wholesale,Procurement,Net 90,2023-05-10,2023-08-08,2023-08-13,9336.97,9336.97,Normal,0
TXN-0526,Gulf Trading Co.,IT,Immediate,2023-05-10,2023-05-10,2023-05-16,48333.86,48333.86,High Amount,1
TXN-0090,Eastern Retail Ltd,IT,Net 60,2023-05-11,2023-07-10,2023-07-06,14922.33,14922.33,Normal,0
TXN-0480,Noor Packaging,Procurement,Net 15,2023-05-11,2023-05-26,2023-05-21,24237.59,24237.59,Normal,0
TXN-0504,Al-Rajhi Supplies,Logistics,Net 60,2023-05-13,2023-07-10,2023-07-11,25000.0,25000.0,Duplicate Vendor,1
TXN-0111,Riyadh Logistics,Logistics,Net 15,2023-05-13,2023-05-28,2023-05-30,2132.36,2132.36,Normal,0
TXN-0021,Gulf Trading Co.,IT,Immediate,2023-05-15,2023-05-15,2023-05-23,31968.91,31968.91,Normal,0
TXN-0174,Jeddah Wholesale,Procurement,Net 60,2023-05-16,2023-07-15,2023-07-16,13002.82,13002.82,Normal,0
TXN-0020,Eastern Retail Ltd,Logistics,Net 60,2023-05-16,2023-07-15,2023-07-14,3197.6,3197.6,Normal,0
TXN-0432,Al-Rajhi Supplies,IT,Net 15,2023-05-16,2023-05-31,2023-06-02,1936.45,1936.45,Normal,0
TXN-0409,Gulf Trading Co.,Logistics,Net 30,2023-05-17,2023-06-16,2023-06-25,10896.93,10896.93,Normal,0
TXN-0192,Jeddah Wholesale,Procurement,Net 60,2023-05-17,2023-07-16,2023-07-15,19635.98,19635.98,Normal,0
TXN-0447,Gulf Trading Co.,Operations,Immediate,2023-05-19,2023-05-19,2023-05-22,13270.23,13270.23,Normal,0
TXN-0016,Riyadh Logistics,Logistics,Net 15,2023-05-19,2023-06-03,2023-06-05,6311.76,6311.76,Normal,0
TXN-0459,Riyadh Logistics,IT,Net 15,2023-05-20,2023-06-04,2023-06-05,6355.53,6355.53,Normal,0
TXN-0226,Noor Packaging,Procurement,Net 15,2023-05-21,2023-06-05,2023-05-31,23651.0,23651.0,Normal,0
TXN-0373,Aramco Services,IT,Net 15,2023-05-21,2023-06-05,2023-06-01,31600.08,31600.08,Normal,0
TXN-0157,Gulf Trading Co.,Operations,Net 15,2023-05-22,2023-06-06,2023-06-10,44029.7,44029.7,Normal,0
TXN-0085,Gulf Trading Co.,Logistics,Net 90,2023-05-23,2023-08-21,2023-08-18,5183.34,5183.34,Normal,0
TXN-0049,Riyadh Logistics,Logistics,Net 60,2023-05-23,2023-07-22,2023-07-31,13028.5,13028.5,Normal,0
TXN-0148,Aramco Services,Finance,Net 90,2023-05-24,2023-08-22,2023-08-25,3441.4,3441.4,Normal,0
TXN-0070,Madinah Goods,Operations,Net 90,2023-05-25,2023-08-23,2023-08-24,5907.06,5907.06,Normal,0
TXN-0346,Riyadh Logistics,Operations,Net 30,2023-05-27,2023-06-26,2023-07-06,11916.03,11916.03,Normal,0
TXN-0365,Noor Packaging,Procurement,Net 60,2023-05-27,2023-07-26,2023-08-01,17190.55,17190.55,Normal,0
TXN-0054,Eastern Retail Ltd,Finance,Net 15,2023-05-27,2023-06-11,2023-06-19,16144.6,16144.6,Normal,0
TXN-0443,Aramco Services,IT,Net 90,2023-05-28,2023-08-26,2023-08-24,1893.24,1893.24,Normal,0
TXN-0173,Noor Packaging,Procurement,Net 60,2023-05-28,2023-07-27,2023-07-31,9305.11,9305.11,Normal,0
TXN-0445,Riyadh Logistics,Finance,Net 30,2023-05-28,2023-06-27,2023-06-24,3485.7,3485.7,Normal,0
TXN-0177,Noor Packaging,IT,Immediate,2023-05-28,2023-05-28,2023-06-06,10000.61,10000.61,Normal,0
TXN-0298,KSA Office Depot,Logistics,Net 15,2023-05-29,2023-06-13,2023-06-11,12655.4,12655.4,Normal,0
TXN-0495,Al-Rajhi Supplies,Operations,Immediate,2023-05-29,2023-05-29,2023-05-31,33473.16,33473.16,Normal,0
TXN-0266,Eastern Retail Ltd,IT,Immediate,2023-05-31,2023-05-31,2023-06-09,3647.41,3647.41,Normal,0
TXN-0515,KSA Office Depot,IT,Net 15,2023-06-01,2023-06-16,2023-06-15,0.0,0.0,Zero Amount,1
TXN-0404,Jeddah Wholesale,Operations,Net 15,2023-06-02,2023-06-17,2023-06-26,10276.19,10276.19,Normal,0
TXN-0502,Jeddah Wholesale,Operations,Net 60,2023-06-03,2023-08-02,2023-11-21,45594.09,45594.09,Late Payment,1
TXN-0466,Jeddah Wholesale,Finance,Net 90,2023-06-04,2023-09-02,2023-08-28,8293.47,8293.47,Normal,0
TXN-0097,Eastern Retail Ltd,IT,Net 30,2023-06-05,2023-07-05,2023-07-09,12542.73,12542.73,Normal,0
TXN-0395,SABIC Materials,IT,Net 60,2023-06-05,2023-08-04,2023-08-04,25426.62,25426.62,Normal,0
TXN-0077,Eastern Retail Ltd,Operations,Net 30,2023-06-07,2023-07-07,2023-07-13,10610.91,10610.91,Normal,0
TXN-0335,Gulf Trading Co.,IT,Net 60,2023-06-08,2023-08-07,2023-08-17,21592.38,21592.38,Normal,0
TXN-0194,KSA Office Depot,Operations,Net 60,2023-06-09,2023-08-08,2023-08-03,3653.38,3653.38,Normal,0
TXN-0275,Al-Rajhi Supplies,Finance,Immediate,2023-06-09,2023-06-09,2023-06-15,4513.34,4513.34,Normal,0
TXN-0270,SABIC Materials,Finance,Net 15,2023-06-10,2023-06-25,2023-06-28,10988.37,10988.37,Normal,0
TXN-0438,Jeddah Wholesale,IT,Net 15,2023-06-10,2023-06-25,2023-06-25,3281.05,3281.05,Normal,0
TXN-0435,Gulf Trading Co.,Procurement,Net 15,2023-06-10,2023-06-25,2023-07-03,32921.65,32921.65,Normal,0
TXN-0442,Noor Packaging,Operations,Net 15,2023-06-12,2023-06-27,2023-07-07,9641.62,9641.62,Normal,0
TXN-0109,Madinah Goods,IT,Immediate,2023-06-12,2023-06-12,2023-06-21,12161.62,12161.62,Normal,0
TXN-0205,Gulf Trading Co.,Logistics,Net 30,2023-06-12,2023-07-12,2023-07-22,3287.44,3287.44,Normal,0
TXN-0114,Gulf Trading Co.,Finance,Net 90,2023-06-13,2023-09-11,2023-09-08,71011.26,71011.26,Normal,0
TXN-0315,Jeddah Wholesale,IT,Net 60,2023-06-14,2023-08-13,2023-08-23,28124.13,28124.13,Normal,0
TXN-0215,Noor Packaging,Procurement,Net 30,2023-06-16,2023-07-16,2023-07-12,7690.83,7690.83,Normal,0
TXN-0094,Madinah Goods,Finance,Net 15,2023-06-17,2023-07-02,2023-07-09,7614.96,7614.96,Normal,0
TXN-0427,KSA Office Depot,IT,Net 60,2023-06-17,2023-08-16,2023-08-21,4573.62,4573.62,Normal,0
TXN-0186,Aramco Services,Procurement,Net 60,2023-06-18,2023-08-17,2023-08-25,17521.79,17521.79,Normal,0
TXN-0207,Riyadh Logistics,IT,Immediate,2023-06-19,2023-06-19,2023-06-17,14943.45,14943.45,Normal,0
TXN-0450,Al-Rajhi Supplies,Procurement,Net 15,2023-06-19,2023-07-04,2023-07-14,4241.32,4241.32,Normal,0
TXN-0073,Noor Packaging,Procurement,Net 30,2023-06-20,2023-07-20,2023-07-19,9617.5,9617.5,Normal,0
TXN-0101,Noor Packaging,IT,Immediate,2023-06-21,2023-06-21,2023-06-18,3189.77,3189.77,Normal,0
TXN-0146,KSA Office Depot,IT,Net 15,2023-06-22,2023-07-07,2023-07-02,18498.75,18498.75,Normal,0
TXN-0127,Gulf Trading Co.,Logistics,Net 90,2023-06-22,2023-09-20,2023-09-27,4480.86,4480.86,Normal,0
TXN-0400,Riyadh Logistics,IT,Immediate,2023-06-22,2023-06-22,2023-06-18,26642.24,26642.24,Normal,0
TXN-0200,SABIC Materials,Finance,Net 15,2023-06-24,2023-07-09,2023-07-12,3966.44,3966.44,Normal,0
TXN-0006,Al-Rajhi Supplies,Operations,Net 15,2023-06-24,2023-07-09,2023-07-12,8206.57,8206.57,Normal,0
TXN-0406,Jeddah Wholesale,Logistics,Net 60,2023-06-24,2023-08-23,2023-08-22,16289.56,16289.56,Normal,0
TXN-0289,Gulf Trading Co.,IT,Net 30,2023-06-26,2023-07-26,2023-08-03,12391.84,12391.84,Normal,0
TXN-0396,Riyadh Logistics,Finance,Net 60,2023-06-27,2023-08-26,2023-08-30,6799.87,6799.87,Normal,0
TXN-0342,SABIC Materials,Operations,Net 15,2023-06-28,2023-07-13,2023-07-08,12027.49,12027.49,Normal,0
TXN-0277,Jeddah Wholesale,Operations,Net 30,2023-06-29,2023-07-29,2023-08-04,11605.65,11605.65,Normal,0
TXN-0323,SABIC Materials,IT,Net 60,2023-06-29,2023-08-28,2023-09-01,5143.16,5143.16,Normal,0
TXN-0415,Gulf Trading Co.,Operations,Immediate,2023-06-30,2023-06-30,2023-06-26,12911.21,12911.21,Normal,0
TXN-0154,Eastern Retail Ltd,IT,Net 90,2023-06-30,2023-09-28,2023-10-07,11917.97,11917.97,Normal,0
TXN-0358,Aramco Services,Finance,Net 30,2023-07-02,2023-08-01,2023-07-29,7856.32,7856.32,Normal,0
TXN-0388,Gulf Trading Co.,Logistics,Net 30,2023-07-04,2023-08-03,2023-08-09,44397.42,44397.42,Normal,0
TXN-0141,Jeddah Wholesale,Procurement,Net 15,2023-07-05,2023-07-20,2023-07-29,11872.36,11872.36,Normal,0
TXN-0420,KSA Office Depot,IT,Net 60,2023-07-05,2023-09-03,2023-09-07,10446.42,10446.42,Normal,0
TXN-0327,Madinah Goods,Finance,Net 30,2023-07-05,2023-08-04,2023-08-08,24996.44,24996.44,Normal,0
TXN-0333,Jeddah Wholesale,Procurement,Net 15,2023-07-06,2023-07-21,2023-07-23,10515.9,10515.9,Normal,0
TXN-0379,KSA Office Depot,Operations,Immediate,2023-07-07,2023-07-07,2023-07-14,57059.07,57059.07,Normal,0
TXN-0368,Riyadh Logistics,Logistics,Net 15,2023-07-08,2023-07-23,2023-07-26,9997.34,9997.34,Normal,0
TXN-0513,Jeddah Wholesale,Finance,Net 60,2023-07-09,2023-09-07,2023-09-12,8175.05,1832.67,Partial Payment,1
TXN-0344,Gulf Trading Co.,Logistics,Net 30,2023-07-11,2023-08-10,2023-08-12,6597.5,6597.5,Normal,0
TXN-0501,Eastern Retail Ltd,Operations,Net 90,2023-07-12,2023-10-10,2023-10-10,834199.31,834199.31,High Amount,1
TXN-0203,Aramco Services,IT,Immediate,2023-07-13,2023-07-13,2023-07-22,23539.64,23539.64,Normal,0
TXN-0516,Gulf Trading Co.,Finance,Net 60,2023-07-14,2023-09-12,2023-09-14,542844.65,542844.65,High Amount,1
TXN-0053,Eastern Retail Ltd,Procurement,Net 60,2023-07-14,2023-09-12,2023-09-07,5758.67,5758.67,Normal,0
TXN-0126,Riyadh Logistics,Procurement,Net 90,2023-07-14,2023-10-12,2023-10-17,57088.87,57088.87,Normal,0
TXN-0211,SABIC Materials,Finance,Immediate,2023-07-14,2023-07-14,2023-07-19,15626.33,15626.33,Normal,0
TXN-0484,Riyadh Logistics,Logistics,Net 90,2023-07-15,2023-10-13,2023-10-22,11646.62,11646.62,Normal,0
TXN-0025,KSA Office Depot,Procurement,Net 15,2023-07-15,2023-07-30,2023-08-08,6402.82,6402.82,Normal,0
TXN-0082,Noor Packaging,Operations,Net 30,2023-07-15,2023-08-14,2023-08-10,13169.91,13169.91,Normal,0
TXN-0239,Aramco Services,Finance,Immediate,2023-07-15,2023-07-15,2023-07-21,5828.83,5828.83,Normal,0
TXN-0115,Riyadh Logistics,Operations,Net 60,2023-07-16,2023-09-14,2023-09-13,8485.48,8485.48,Normal,0
TXN-0465,Gulf Trading Co.,Procurement,Net 90,2023-07-16,2023-10-14,2023-10-16,9046.54,9046.54,Normal,0
TXN-0367,Eastern Retail Ltd,Logistics,Net 15,2023-07-17,2023-08-01,2023-08-06,11840.42,11840.42,Normal,0
TXN-0529,Al-Rajhi Supplies,Procurement,Net 15,2023-07-17,2023-07-29,2023-08-05,25000.0,25000.0,Duplicate Vendor,1
TXN-0381,Riyadh Logistics,Logistics,Immediate,2023-07-18,2023-07-18,2023-07-16,5055.45,5055.45,Normal,0
TXN-0319,Aramco Services,Finance,Net 90,2023-07-18,2023-10-16,2023-10-24,12827.33,12827.33,Normal,0
TXN-0244,Gulf Trading Co.,IT,Net 60,2023-07-18,2023-09-16,2023-09-25,19783.51,19783.51,Normal,0
TXN-0414,Jeddah Wholesale,Procurement,Net 30,2023-07-21,2023-08-20,2023-08-29,27505.51,27505.51,Normal,0
TXN-0444,KSA Office Depot,IT,Net 15,2023-07-22,2023-08-06,2023-08-12,9216.07,9216.07,Normal,0
TXN-0136,Noor Packaging,IT,Net 15,2023-07-23,2023-08-07,2023-08-08,34198.86,34198.86,Normal,0
TXN-0249,Madinah Goods,Finance,Net 30,2023-07-23,2023-08-22,2023-08-25,40634.12,40634.12,Normal,0
TXN-0407,Aramco Services,Finance,Net 90,2023-07-24,2023-10-22,2023-10-21,4212.89,4212.89,Normal,0
TXN-0269,Eastern Retail Ltd,Finance,Net 15,2023-07-24,2023-08-08,2023-08-16,6960.21,6960.21,Normal,0
TXN-0086,Noor Packaging,Finance,Immediate,2023-07-24,2023-07-24,2023-07-29,6624.93,6624.93,Normal,0
TXN-0419,Eastern Retail Ltd,Finance,Net 30,2023-07-25,2023-08-24,2023-08-20,25423.72,25423.72,Normal,0
TXN-0301,Gulf Trading Co.,Logistics,Immediate,2023-07-25,2023-07-25,2023-07-22,5099.02,5099.02,Normal,0
TXN-0527,Eastern Retail Ltd,Procurement,Net 90,2023-07-27,2023-10-25,2024-01-29,2691.8,2691.8,Late Payment,1
TXN-0152,SABIC Materials,Finance,Net 60,2023-07-27,2023-09-25,2023-09-27,13058.03,13058.03,Normal,0
TXN-0468,Jeddah Wholesale,Finance,Net 60,2023-07-27,2023-09-25,2023-09-29,18142.38,18142.38,Normal,0
TXN-0116,Gulf Trading Co.,Procurement,Net 15,2023-07-28,2023-08-12,2023-08-17,12597.3,12597.3,Normal,0
TXN-0079,SABIC Materials,Finance,Immediate,2023-07-28,2023-07-28,2023-07-27,10651.0,10651.0,Normal,0
TXN-0185,SABIC Materials,Logistics,Net 90,2023-07-29,2023-10-27,2023-11-01,8276.95,8276.95,Normal,0
TXN-0483,Jeddah Wholesale,Procurement,Net 90,2023-07-29,2023-10-27,2023-10-27,2737.62,2737.62,Normal,0
TXN-0523,Al-Rajhi Supplies,IT,Immediate,2023-07-30,2023-07-30,2023-07-25,5824.92,611.72,Partial Payment,1
TXN-0436,Riyadh Logistics,Logistics,Net 60,2023-07-30,2023-09-28,2023-10-08,10501.53,10501.53,Normal,0
TXN-0080,Gulf Trading Co.,Operations,Net 60,2023-07-31,2023-09-29,2023-09-24,2018.17,2018.17,Normal,0
TXN-0503,Jeddah Wholesale,Procurement,Immediate,2023-07-31,2023-07-31,2023-08-08,3232.94,863.8,Partial Payment,1
TXN-0288,Jeddah Wholesale,IT,Net 15,2023-08-01,2023-08-16,2023-08-19,15845.71,15845.71,Normal,0
TXN-0104,KSA Office Depot,Procurement,Net 15,2023-08-01,2023-08-16,2023-08-17,5209.18,5209.18,Normal,0
TXN-0431,Aramco Services,Finance,Net 30,2023-08-02,2023-09-01,2023-09-05,3840.64,3840.64,Normal,0
TXN-0349,Madinah Goods,IT,Immediate,2023-08-05,2023-08-05,2023-08-03,5570.53,5570.53,Normal,0
TXN-0369,SABIC Materials,Logistics,Net 30,2023-08-09,2023-09-08,2023-09-08,10701.52,10701.52,Normal,0
TXN-0216,Noor Packaging,Finance,Net 90,2023-08-09,2023-11-07,2023-11-06,18163.61,18163.61,Normal,0
TXN-0180,SABIC Materials,IT,Net 30,2023-08-10,2023-09-09,2023-09-14,87215.32,87215.32,Normal,0
TXN-0088,Al-Rajhi Supplies,Procurement,Immediate,2023-08-11,2023-08-11,2023-08-17,12874.46,12874.46,Normal,0
TXN-0184,Noor Packaging,Operations,Immediate,2023-08-12,2023-08-12,2023-08-22,14559.19,14559.19,Normal,0
TXN-0296,SABIC Materials,Logistics,Net 30,2023-08-12,2023-09-11,2023-09-06,5685.49,5685.49,Normal,0
TXN-0121,Jeddah Wholesale,Operations,Net 90,2023-08-12,2023-11-10,2023-11-20,18635.54,18635.54,Normal,0
TXN-0318,Al-Rajhi Supplies,Operations,Net 15,2023-08-13,2023-08-28,2023-08-28,7721.68,7721.68,Normal,0
TXN-0336,Gulf Trading Co.,Finance,Immediate,2023-08-14,2023-08-14,2023-08-23,8798.65,8798.65,Normal,0
TXN-0405,SABIC Materials,Procurement,Net 60,2023-08-14,2023-10-13,2023-10-21,6904.63,6904.63,Normal,0
TXN-0378,Jeddah Wholesale,Finance,Net 90,2023-08-16,2023-11-14,2023-11-11,11460.64,11460.64,Normal,0
TXN-0214,Eastern Retail Ltd,Procurement,Net 30,2023-08-16,2023-09-15,2023-09-15,16665.78,16665.78,Normal,0
TXN-0372,Riyadh Logistics,Logistics,Net 90,2023-08-17,2023-11-15,2023-11-11,14741.16,14741.16,Normal,0
TXN-0371,Aramco Services,Finance,Net 90,2023-08-17,2023-11-15,2023-11-23,10093.11,10093.11,Normal,0
TXN-0005,Madinah Goods,Logistics,Net 60,2023-08-18,2023-10-17,2023-10-20,8206.46,8206.46,Normal,0
TXN-0172,Riyadh Logistics,Procurement,Net 15,2023-08-19,2023-09-03,2023-09-13,5153.09,5153.09,Normal,0
TXN-0421,SABIC Materials,Logistics,Immediate,2023-08-19,2023-08-19,2023-08-22,51461.97,51461.97,Normal,0
TXN-0392,Riyadh Logistics,Finance,Net 30,2023-08-19,2023-09-18,2023-09-27,14669.64,14669.64,Normal,0
TXN-0316,Madinah Goods,Operations,Net 30,2023-08-19,2023-09-18,2023-09-16,10064.84,10064.84,Normal,0
TXN-0268,Madinah Goods,Operations,Net 15,2023-08-20,2023-09-04,2023-09-06,3152.3,3152.3,Normal,0
TXN-0013,SABIC Materials,Logistics,Net 90,2023-08-21,2023-11-19,2023-11-25,12010.9,12010.9,Normal,0
TXN-0426,Aramco Services,Logistics,Immediate,2023-08-22,2023-08-22,2023-08-21,29581.52,29581.52,Normal,0
TXN-0208,Jeddah Wholesale,Procurement,Immediate,2023-08-22,2023-08-22,2023-08-17,14928.52,14928.52,Normal,0
TXN-0063,Eastern Retail Ltd,Operations,Net 90,2023-08-23,2023-11-21,2023-11-26,4084.41,4084.41,Normal,0
TXN-0351,Gulf Trading Co.,Logistics,Immediate,2023-08-23,2023-08-23,2023-08-20,12691.99,12691.99,Normal,0
TXN-0220,Gulf Trading Co.,Logistics,Net 90,2023-08-24,2023-11-22,2023-11-25,10567.09,10567.09,Normal,0
TXN-0311,Madinah Goods,Procurement,Net 90,2023-08-25,2023-11-23,2023-12-02,8315.32,8315.32,Normal,0
TXN-0307,SABIC Materials,Operations,Net 15,2023-08-26,2023-09-10,2023-09-19,27505.24,27505.24,Normal,0
TXN-0512,Aramco Services,IT,Net 15,2023-08-27,2023-09-11,2023-12-31,9507.25,9507.25,Late Payment,1
TXN-0143,KSA Office Depot,IT,Net 15,2023-08-27,2023-09-11,2023-09-19,2735.35,2735.35,Normal,0
TXN-0046,Aramco Services,Logistics,Net 15,2023-08-28,2023-09-12,2023-09-08,5564.29,5564.29,Normal,0
TXN-0183,KSA Office Depot,Procurement,Net 60,2023-08-29,2023-10-28,2023-11-06,4201.87,4201.87,Normal,0
TXN-0309,Riyadh Logistics,Logistics,Net 30,2023-08-29,2023-09-28,2023-10-07,15331.7,15331.7,Normal,0
TXN-0153,Noor Packaging,IT,Net 90,2023-08-31,2023-11-29,2023-12-05,5744.4,5744.4,Normal,0
TXN-0259,Madinah Goods,Procurement,Net 30,2023-09-01,2023-10-01,2023-10-10,14115.88,14115.88,Normal,0
TXN-0464,SABIC Materials,Operations,Net 60,2023-09-02,2023-11-01,2023-11-06,11745.01,11745.01,Normal,0
TXN-0162,KSA Office Depot,Finance,Net 15,2023-09-03,2023-09-18,2023-09-27,18576.78,18576.78,Normal,0
TXN-0262,Jeddah Wholesale,Procurement,Net 30,2023-09-03,2023-10-03,2023-10-10,9436.87,9436.87,Normal,0
TXN-0052,Riyadh Logistics,Logistics,Net 15,2023-09-04,2023-09-19,2023-09-20,7273.07,7273.07,Normal,0
TXN-0202,Riyadh Logistics,Logistics,Immediate,2023-09-05,2023-09-05,2023-09-11,15500.5,15500.5,Normal,0
TXN-0147,Jeddah Wholesale,Finance,Net 60,2023-09-07,2023-11-06,2023-11-07,3679.16,3679.16,Normal,0
TXN-0290,SABIC Materials,Finance,Immediate,2023-09-07,2023-09-07,2023-09-11,6013.97,6013.97,Normal,0
TXN-0164,SABIC Materials,Procurement,Net 15,2023-09-09,2023-09-24,2023-09-21,5133.04,5133.04,Normal,0
TXN-0179,Noor Packaging,IT,Immediate,2023-09-10,2023-09-10,2023-09-19,8008.63,8008.63,Normal,0
TXN-0206,Eastern Retail Ltd,Logistics,Net 60,2023-09-11,2023-11-10,2023-11-06,4673.86,4673.86,Normal,0
TXN-0196,Jeddah Wholesale,Procurement,Net 60,2023-09-13,2023-11-12,2023-11-16,13470.45,13470.45,Normal,0
TXN-0413,Jeddah Wholesale,IT,Net 15,2023-09-13,2023-09-28,2023-10-02,2900.7,2900.7,Normal,0
TXN-0343,Eastern Retail Ltd,Procurement,Net 15,2023-09-15,2023-09-30,2023-10-06,12039.8,12039.8,Normal,0
TXN-0071,Aramco Services,Operations,Net 90,2023-09-16,2023-12-15,2023-12-25,13215.11,13215.11,Normal,0
TXN-0065,SABIC Materials,IT,Net 60,2023-09-17,2023-11-16,2023-11-19,18958.75,18958.75,Normal,0
TXN-0424,Riyadh Logistics,Operations,Immediate,2023-09-18,2023-09-18,2023-09-25,21531.17,21531.17,Normal,0
TXN-0199,Eastern Retail Ltd,Operations,Immediate,2023-09-18,2023-09-18,2023-09-17,10368.91,10368.91,Normal,0
TXN-0089,Aramco Services,Logistics,Immediate,2023-09-19,2023-09-19,2023-09-17,6478.16,6478.16,Normal,0
TXN-0477,KSA Office Depot,Logistics,Net 30,2023-09-19,2023-10-19,2023-10-28,15697.32,15697.32,Normal,0
TXN-0478,Al-Rajhi Supplies,Logistics,Net 60,2023-09-20,2023-11-19,2023-11-27,12695.47,12695.47,Normal,0
TXN-0374,SABIC Materials,Logistics,Net 90,2023-09-20,2023-12-19,2023-12-19,21320.34,21320.34,Normal,0
TXN-0042,Al-Rajhi Supplies,Finance,Net 30,2023-09-21,2023-10-21,2023-10-23,11351.38,11351.38,Normal,0
TXN-0038,Eastern Retail Ltd,Finance,Net 15,2023-09-22,2023-10-07,2023-10-16,2063.72,2063.72,Normal,0
TXN-0458,Noor Packaging,Logistics,Immediate,2023-09-26,2023-09-26,2023-10-06,4323.44,4323.44,Normal,0
TXN-0356,Madinah Goods,Finance,Net 30,2023-09-27,2023-10-27,2023-10-22,4438.08,4438.08,Normal,0
TXN-0337,Noor Packaging,Logistics,Immediate,2023-09-28,2023-09-28,2023-10-06,5113.31,5113.31,Normal,0
TXN-0036,Madinah Goods,Operations,Net 90,2023-09-28,2023-12-27,2024-01-04,3726.87,3726.87,Normal,0
TXN-0398,Riyadh Logistics,Finance,Immediate,2023-10-01,2023-10-01,2023-09-28,29234.3,29234.3,Normal,0
TXN-0454,SABIC Materials,IT,Net 60,2023-10-01,2023-11-30,2023-11-26,14812.66,14812.66,Normal,0
TXN-0015,SABIC Materials,IT,Net 60,2023-10-01,2023-11-30,2023-12-02,2490.07,2490.07,Normal,0
TXN-0352,SABIC Materials,Logistics,Immediate,2023-10-02,2023-10-02,2023-09-27,32218.14,32218.14,Normal,0
TXN-0486,Aramco Services,Procurement,Net 60,2023-10-03,2023-12-02,2023-12-09,3172.25,3172.25,Normal,0
TXN-0120,Noor Packaging,Logistics,Net 15,2023-10-03,2023-10-18,2023-10-20,18061.65,18061.65,Normal,0
TXN-0043,Noor Packaging,Logistics,Net 60,2023-10-04,2023-12-03,2023-12-02,9022.54,9022.54,Normal,0
TXN-0494,Eastern Retail Ltd,Logistics,Net 60,2023-10-04,2023-12-03,2023-12-04,4968.99,4968.99,Normal,0
TXN-0031,Riyadh Logistics,Finance,Net 60,2023-10-04,2023-12-03,2023-11-28,6115.82,6115.82,Normal,0
TXN-0385,Aramco Services,Procurement,Immediate,2023-10-05,2023-10-05,2023-10-09,5392.12,5392.12,Normal,0
TXN-0439,Jeddah Wholesale,IT,Net 90,2023-10-07,2024-01-05,2024-01-11,2533.34,2533.34,Normal,0
TXN-0360,Riyadh Logistics,Procurement,Net 90,2023-10-07,2024-01-05,2024-01-10,5106.22,5106.22,Normal,0
TXN-0451,SABIC Materials,Operations,Net 30,2023-10-09,2023-11-08,2023-11-08,9413.09,9413.09,Normal,0
TXN-0074,Noor Packaging,Operations,Net 15,2023-10-10,2023-10-25,2023-11-02,34603.67,34603.67,Normal,0
TXN-0198,Jeddah Wholesale,Operations,Net 15,2023-10-10,2023-10-25,2023-10-24,11192.29,11192.29,Normal,0
TXN-0171,Riyadh Logistics,Operations,Net 60,2023-10-10,2023-12-09,2023-12-06,4858.03,4858.03,Normal,0
TXN-0339,Al-Rajhi Supplies,Logistics,Net 90,2023-10-11,2024-01-09,2024-01-07,13771.34,13771.34,Normal,0
TXN-0160,Noor Packaging,Procurement,Net 30,2023-10-11,2023-11-10,2023-11-14,16734.75,16734.75,Normal,0
TXN-0150,Gulf Trading Co.,Logistics,Net 15,2023-10-12,2023-10-27,2023-10-29,12551.4,12551.4,Normal,0
TXN-0107,Madinah Goods,Logistics,Net 30,2023-10-13,2023-11-12,2023-11-14,44754.56,44754.56,Normal,0
TXN-0166,SABIC Materials,Operations,Net 30,2023-10-13,2023-11-12,2023-11-20,13769.69,13769.69,Normal,0
TXN-0423,Eastern Retail Ltd,Finance,Net 90,2023-10-13,2024-01-11,2024-01-17,8109.8,8109.8,Normal,0
TXN-0321,SABIC Materials,Finance,Net 30,2023-10-13,2023-11-12,2023-11-19,10695.7,10695.7,Normal,0
TXN-0295,Madinah Goods,Operations,Immediate,2023-10-14,2023-10-14,2023-10-20,13168.89,13168.89,Normal,0
TXN-0479,Jeddah Wholesale,IT,Net 30,2023-10-14,2023-11-13,2023-11-22,116204.24,116204.24,Normal,0
TXN-0004,Madinah Goods,IT,Net 30,2023-10-15,2023-11-14,2023-11-15,33470.64,33470.64,Normal,0
TXN-0217,Gulf Trading Co.,IT,Net 15,2023-10-17,2023-11-01,2023-11-01,5333.38,5333.38,Normal,0
TXN-0096,Eastern Retail Ltd,Operations,Immediate,2023-10-19,2023-10-19,2023-10-23,3069.25,3069.25,Normal,0
TXN-0204,Aramco Services,Operations,Net 60,2023-10-20,2023-12-19,2023-12-26,22995.22,22995.22,Normal,0
TXN-0434,Riyadh Logistics,Operations,Net 30,2023-10-21,2023-11-20,2023-11-18,17571.5,17571.5,Normal,0
TXN-0225,Eastern Retail Ltd,IT,Net 90,2023-10-22,2024-01-20,2024-01-24,6784.9,6784.9,Normal,0
TXN-0297,Jeddah Wholesale,Procurement,Net 90,2023-10-22,2024-01-20,2024-01-28,20326.48,20326.48,Normal,0
TXN-0135,Riyadh Logistics,Finance,Net 30,2023-10-24,2023-11-23,2023-11-18,4743.17,4743.17,Normal,0
TXN-0399,Madinah Goods,Operations,Immediate,2023-10-25,2023-10-25,2023-10-24,9030.55,9030.55,Normal,0
TXN-0219,KSA Office Depot,Operations,Net 15,2023-10-26,2023-11-10,2023-11-09,6712.38,6712.38,Normal,0
TXN-0076,Madinah Goods,Procurement,Net 90,2023-10-26,2024-01-24,2024-01-23,19101.5,19101.5,Normal,0
TXN-0057,Aramco Services,Procurement,Net 30,2023-10-27,2023-11-26,2023-12-06,5057.49,5057.49,Normal,0
TXN-0273,Riyadh Logistics,IT,Net 30,2023-10-28,2023-11-27,2023-12-02,25097.69,25097.69,Normal,0
TXN-0245,Aramco Services,IT,Net 15,2023-10-28,2023-11-12,2023-11-11,3788.64,3788.64,Normal,0
TXN-0222,SABIC Materials,Logistics,Net 90,2023-10-28,2024-01-26,2024-01-30,2222.06,2222.06,Normal,0
TXN-0313,SABIC Materials,Procurement,Immediate,2023-11-01,2023-11-01,2023-11-08,19155.27,19155.27,Normal,0
TXN-0285,Noor Packaging,Finance,Immediate,2023-11-02,2023-11-02,2023-10-30,54525.66,54525.66,Normal,0
TXN-0416,Al-Rajhi Supplies,Finance,Net 15,2023-11-02,2023-11-17,2023-11-27,5438.24,5438.24,Normal,0
TXN-0331,Aramco Services,IT,Net 60,2023-11-02,2024-01-01,2024-01-08,9800.64,9800.64,Normal,0
TXN-0496,KSA Office Depot,Finance,Immediate,2023-11-03,2023-11-03,2023-11-08,15231.61,15231.61,Normal,0
TXN-0291,Al-Rajhi Supplies,Operations,Net 15,2023-11-03,2023-11-18,2023-11-14,8379.15,8379.15,Normal,0
TXN-0306,Noor Packaging,Operations,Net 60,2023-11-05,2024-01-04,2024-01-03,10871.09,10871.09,Normal,0
TXN-0134,Aramco Services,Operations,Immediate,2023-11-07,2023-11-07,2023-11-05,14456.13,14456.13,Normal,0
TXN-0098,Gulf Trading Co.,Logistics,Immediate,2023-11-07,2023-11-07,2023-11-12,12195.77,12195.77,Normal,0
TXN-0264,SABIC Materials,Procurement,Net 90,2023-11-08,2024-02-06,2024-02-05,4361.14,4361.14,Normal,0
TXN-0218,Riyadh Logistics,Operations,Net 30,2023-11-09,2023-12-09,2023-12-16,8188.98,8188.98,Normal,0
TXN-0389,Jeddah Wholesale,IT,Net 60,2023-11-10,2024-01-09,2024-01-06,21169.97,21169.97,Normal,0
TXN-0469,SABIC Materials,Finance,Net 90,2023-11-11,2024-02-09,2024-02-11,6474.32,6474.32,Normal,0
TXN-0354,Noor Packaging,Logistics,Net 30,2023-11-11,2023-12-11,2023-12-17,8708.45,8708.45,Normal,0
TXN-0347,Riyadh Logistics,Logistics,Net 15,2023-11-12,2023-11-27,2023-11-22,3107.37,3107.37,Normal,0
TXN-0246,Eastern Retail Ltd,Procurement,Net 15,2023-11-12,2023-11-27,2023-12-05,7573.41,7573.41,Normal,0
TXN-0402,Gulf Trading Co.,IT,Net 15,2023-11-13,2023-11-28,2023-11-23,6127.24,6127.24,Normal,0
TXN-0212,Jeddah Wholesale,IT,Net 30,2023-11-13,2023-12-13,2023-12-10,24549.64,24549.64,Normal,0
TXN-0064,SABIC Materials,Procurement,Net 15,2023-11-15,2023-11-30,2023-11-28,3801.06,3801.06,Normal,0
TXN-0123,Riyadh Logistics,Logistics,Net 60,2023-11-15,2024-01-14,2024-01-09,30401.14,30401.14,Normal,0
TXN-0131,Gulf Trading Co.,Operations,Net 30,2023-11-15,2023-12-15,2023-12-14,2862.55,2862.55,Normal,0
TXN-0265,SABIC Materials,Operations,Net 90,2023-11-16,2024-02-14,2024-02-19,8086.45,8086.45,Normal,0
TXN-0112,Noor Packaging,IT,Net 15,2023-11-17,2023-12-02,2023-12-04,9689.41,9689.41,Normal,0
TXN-0361,Riyadh Logistics,Logistics,Net 15,2023-11-20,2023-12-05,2023-12-05,14995.08,14995.08,Normal,0
TXN-0303,Riyadh Logistics,Procurement,Immediate,2023-11-21,2023-11-21,2023-11-19,17994.74,17994.74,Normal,0
TXN-0072,Noor Packaging,Procurement,Net 30,2023-11-21,2023-12-21,2023-12-29,33874.89,33874.89,Normal,0
TXN-0241,KSA Office Depot,Operations,Net 30,2023-11-22,2023-12-22,2023-12-31,5250.0,5250.0,Normal,0
TXN-0397,SABIC Materials,Finance,Net 60,2023-11-22,2024-01-21,2024-01-24,2513.65,2513.65,Normal,0
TXN-0357,Eastern Retail Ltd,Logistics,Net 30,2023-11-22,2023-12-22,2023-12-29,9751.63,9751.63,Normal,0
TXN-0403,Jeddah Wholesale,IT,Net 90,2023-11-25,2024-02-23,2024-02-27,9938.73,9938.73,Normal,0
TXN-0401,Al-Rajhi Supplies,Procurement,Net 30,2023-11-25,2023-12-25,2023-12-28,2764.07,2764.07,Normal,0
TXN-0325,Noor Packaging,IT,Net 15,2023-11-26,2023-12-11,2023-12-16,4425.71,4425.71,Normal,0
TXN-0326,Riyadh Logistics,IT,Net 30,2023-11-27,2023-12-27,2024-01-04,3746.77,3746.77,Normal,0
TXN-0453,Noor Packaging,Finance,Net 90,2023-11-27,2024-02-25,2024-02-21,4498.14,4498.14,Normal,0
TXN-0317,Aramco Services,Procurement,Immediate,2023-11-27,2023-11-27,2023-11-27,17078.27,17078.27,Normal,0
TXN-0511,Eastern Retail Ltd,Logistics,Immediate,2023-11-29,2023-11-29,2023-12-05,274472.15,274472.15,High Amount,1
TXN-0452,Eastern Retail Ltd,Logistics,Net 15,2023-11-30,2023-12-15,2023-12-16,21250.04,21250.04,Normal,0
TXN-0019,KSA Office Depot,Finance,Net 60,2023-12-02,2024-01-31,2024-02-10,4786.62,4786.62,Normal,0
TXN-0061,KSA Office Depot,Procurement,Net 15,2023-12-03,2023-12-18,2023-12-23,6745.7,6745.7,Normal,0
TXN-0522,KSA Office Depot,IT,Net 15,2023-12-04,2023-12-19,2024-02-18,15285.93,15285.93,Late Payment,1
TXN-0100,Madinah Goods,Logistics,Net 60,2023-12-04,2024-02-02,2024-01-30,8203.62,8203.62,Normal,0
TXN-0170,Gulf Trading Co.,Operations,Net 90,2023-12-05,2024-03-04,2024-03-01,5415.45,5415.45,Normal,0
TXN-0139,Aramco Services,IT,Net 15,2023-12-05,2023-12-20,2023-12-26,18973.79,18973.79,Normal,0
TXN-0287,SABIC Materials,Finance,Net 15,2023-12-05,2023-12-20,2023-12-28,8765.44,8765.44,Normal,0
TXN-0497,Gulf Trading Co.,Finance,Net 60,2023-12-05,2024-02-03,2024-02-05,4316.51,4316.51,Normal,0
TXN-0124,Eastern Retail Ltd,IT,Immediate,2023-12-06,2023-12-06,2023-12-01,3224.45,3224.45,Normal,0
TXN-0092,Aramco Services,Logistics,Net 30,2023-12-07,2024-01-06,2024-01-11,21480.83,21480.83,Normal,0
TXN-0274,SABIC Materials,Logistics,Net 90,2023-12-07,2024-03-06,2024-03-14,9978.48,9978.48,Normal,0
TXN-0068,KSA Office Depot,IT,Net 30,2023-12-08,2024-01-07,2024-01-11,22088.81,22088.81,Normal,0
TXN-0122,Al-Rajhi Supplies,Logistics,Net 90,2023-12-09,2024-03-08,2024-03-15,4781.41,4781.41,Normal,0
TXN-0132,Gulf Trading Co.,Operations,Net 15,2023-12-09,2023-12-24,2023-12-22,10455.15,10455.15,Normal,0
TXN-0506,Al-Rajhi Supplies,Finance,Net 15,2023-12-11,2023-12-26,2023-12-22,301261.97,301261.97,High Amount,1
TXN-0488,Al-Rajhi Supplies,Finance,Net 15,2023-12-11,2023-12-26,2024-01-03,4166.21,4166.21,Normal,0
TXN-0279,Madinah Goods,IT,Immediate,2023-12-12,2023-12-12,2023-12-07,10465.52,10465.52,Normal,0
TXN-0099,Jeddah Wholesale,Logistics,Net 15,2023-12-12,2023-12-27,2023-12-28,9937.7,9937.7,Normal,0
TXN-0221,Al-Rajhi Supplies,Logistics,Net 90,2023-12-13,2024-03-12,2024-03-12,63052.74,63052.74,Normal,0
TXN-0375,Al-Rajhi Supplies,Operations,Immediate,2023-12-14,2023-12-14,2023-12-23,55411.7,55411.7,Normal,0
TXN-0476,Madinah Goods,Logistics,Net 30,2023-12-15,2024-01-14,2024-01-15,8109.34,8109.34,Normal,0
TXN-0472,Madinah Goods,Operations,Net 60,2023-12-15,2024-02-13,2024-02-10,1569.42,1569.42,Normal,0
TXN-0485,Eastern Retail Ltd,Logistics,Net 30,2023-12-16,2024-01-15,2024-01-14,5404.13,5404.13,Normal,0
TXN-0078,Al-Rajhi Supplies,Finance,Net 60,2023-12-16,2024-02-14,2024-02-16,7791.54,7791.54,Normal,0
TXN-0528,Gulf Trading Co.,Operations,Net 90,2023-12-17,2024-03-16,2024-03-13,10285.27,3045.68,Partial Payment,1
TXN-0210,Noor Packaging,Finance,Immediate,2023-12-21,2023-12-21,2023-12-28,215816.8,215816.8,Normal,0
TXN-0500,Eastern Retail Ltd,IT,Net 90,2023-12-23,2024-03-22,2024-03-30,3273.98,3273.98,Normal,0
TXN-0118,Eastern Retail Ltd,Logistics,Immediate,2023-12-23,2023-12-23,2023-12-18,3885.7,3885.7,Normal,0
TXN-0509,Al-Rajhi Supplies,Logistics,Net 60,2023-12-25,2024-02-21,2024-02-22,25000.0,25000.0,Duplicate Vendor,1
TXN-0133,KSA Office Depot,Operations,Net 15,2023-12-25,2024-01-09,2024-01-12,4230.85,4230.85,Normal,0
TXN-0178,SABIC Materials,Logistics,Net 90,2023-12-25,2024-03-24,2024-03-31,31660.57,31660.57,Normal,0
TXN-0530,Jeddah Wholesale,Procurement,Net 30,2023-12-26,2024-01-25,2024-01-25,0.0,0.0,Zero Amount,1
TXN-0471,KSA Office Depot,Finance,Net 15,2023-12-26,2024-01-10,2024-01-20,7942.3,7942.3,Normal,0
TXN-0473,Madinah Goods,Logistics,Immediate,2023-12-27,2023-12-27,2024-01-02,2944.95,2944.95,Normal,0
TXN-0159,Riyadh Logistics,Finance,Net 30,2023-12-29,2024-01-28,2024-01-27,3816.0,3816.0,Normal,0
TXN-0324,Eastern Retail Ltd,Operations,Immediate,2023-12-29,2023-12-29,2023-12-26,52781.17,52781.17,Normal,0
TXN-0263,Eastern Retail Ltd,Procurement,Net 15,2023-12-31,2024-01-15,2024-01-24,740.25,740.25,Normal,0
TXN-0037,Gulf Trading Co.,IT,Net 60,2024-01-01,2024-03-01,2024-03-05,11697.04,11697.04,Normal,0
TXN-0113,Noor Packaging,Logistics,Net 30,2024-01-01,2024-01-31,2024-02-04,10385.69,10385.69,Normal,0
TXN-0353,Madinah Goods,IT,Net 60,2024-01-03,2024-03-03,2024-03-02,19655.8,19655.8,Normal,0
TXN-0390,SABIC Materials,Finance,Net 15,2024-01-03,2024-01-18,2024-01-28,6238.39,6238.39,Normal,0
TXN-0093,KSA Office Depot,Finance,Net 30,2024-01-04,2024-02-03,2024-02-07,5644.05,5644.05,Normal,0
TXN-0517,Aramco Services,Finance,Net 15,2024-01-06,2024-01-21,2024-04-19,14775.62,14775.62,Late Payment,1
TXN-0418,Eastern Retail Ltd,Operations,Net 90,2024-01-08,2024-04-07,2024-04-13,10856.72,10856.72,Normal,0
TXN-0047,SABIC Materials,Procurement,Net 15,2024-01-08,2024-01-23,2024-01-28,6846.47,6846.47,Normal,0
TXN-0009,KSA Office Depot,Finance,Net 30,2024-01-09,2024-02-08,2024-02-17,6798.25,6798.25,Normal,0
TXN-0034,KSA Office Depot,Procurement,Net 30,2024-01-10,2024-02-09,2024-02-19,4246.42,4246.42,Normal,0
TXN-0460,SABIC Materials,Finance,Net 60,2024-01-10,2024-03-10,2024-03-19,3795.98,3795.98,Normal,0
TXN-0231,Al-Rajhi Supplies,IT,Net 90,2024-01-10,2024-04-09,2024-04-08,5517.65,5517.65,Normal,0
TXN-0142,Riyadh Logistics,Logistics,Net 60,2024-01-11,2024-03-11,2024-03-14,28161.59,28161.59,Normal,0
TXN-0056,Gulf Trading Co.,Procurement,Immediate,2024-01-12,2024-01-12,2024-01-08,20848.23,20848.23,Normal,0
TXN-0461,Noor Packaging,Operations,Net 30,2024-01-13,2024-02-12,2024-02-17,47656.78,47656.78,Normal,0
TXN-0428,Riyadh Logistics,Logistics,Immediate,2024-01-14,2024-01-14,2024-01-18,17134.36,17134.36,Normal,0
TXN-0258,Noor Packaging,Procurement,Net 60,2024-01-15,2024-03-15,2024-03-23,5618.75,5618.75,Normal,0
TXN-0448,Riyadh Logistics,Procurement,Immediate,2024-01-15,2024-01-15,2024-01-17,4666.18,4666.18,Normal,0
TXN-0156,Gulf Trading Co.,Finance,Net 30,2024-01-16,2024-02-15,2024-02-15,5588.79,5588.79,Normal,0
TXN-0227,KSA Office Depot,Procurement,Immediate,2024-01-17,2024-01-17,2024-01-27,10419.39,10419.39,Normal,0
TXN-0235,Noor Packaging,Logistics,Net 90,2024-01-18,2024-04-17,2024-04-22,55003.67,55003.67,Normal,0
TXN-0446,Aramco Services,Logistics,Net 90,2024-01-18,2024-04-17,2024-04-27,16911.31,16911.31,Normal,0
TXN-0232,SABIC Materials,Finance,Net 90,2024-01-18,2024-04-17,2024-04-25,11768.32,11768.32,Normal,0
TXN-0213,Gulf Trading Co.,Finance,Net 60,2024-01-18,2024-03-18,2024-03-15,21230.66,21230.66,Normal,0
TXN-0334,Jeddah Wholesale,IT,Net 90,2024-01-21,2024-04-20,2024-04-29,5757.57,5757.57,Normal,0
TXN-0023,Madinah Goods,Logistics,Net 30,2024-01-22,2024-02-21,2024-02-17,10446.5,10446.5,Normal,0
TXN-0130,Gulf Trading Co.,Procurement,Net 30,2024-01-22,2024-02-21,2024-02-16,6615.82,6615.82,Normal,0
TXN-0286,Al-Rajhi Supplies,Operations,Net 60,2024-01-22,2024-03-22,2024-03-18,2076.27,2076.27,Normal,0
TXN-0191,Madinah Goods,Finance,Immediate,2024-01-23,2024-01-23,2024-02-02,6924.27,6924.27,Normal,0
TXN-0029,Al-Rajhi Supplies,Finance,Immediate,2024-01-26,2024-01-26,2024-01-26,6121.05,6121.05,Normal,0
TXN-0182,KSA Office Depot,IT,Net 30,2024-01-27,2024-02-26,2024-02-29,4985.43,4985.43,Normal,0
TXN-0491,Al-Rajhi Supplies,Logistics,Immediate,2024-01-28,2024-01-28,2024-01-23,9834.2,9834.2,Normal,0
TXN-0328,Riyadh Logistics,Operations,Net 90,2024-01-28,2024-04-27,2024-05-07,18644.94,18644.94,Normal,0
TXN-0027,SABIC Materials,IT,Net 90,2024-01-29,2024-04-28,2024-05-03,3941.06,3941.06,Normal,0
TXN-0330,Noor Packaging,Procurement,Immediate,2024-01-30,2024-01-30,2024-01-26,16361.34,16361.34,Normal,0
TXN-0359,Aramco Services,Operations,Net 30,2024-01-31,2024-03-01,2024-03-06,12812.48,12812.48,Normal,0
TXN-0304,Madinah Goods,IT,Net 60,2024-02-02,2024-04-02,2024-04-08,16127.74,16127.74,Normal,0
TXN-0510,Gulf Trading Co.,IT,Net 90,2024-02-02,2024-05-02,2024-05-06,0.0,0.0,Zero Amount,1
TXN-0138,KSA Office Depot,Procurement,Immediate,2024-02-05,2024-02-05,2024-02-01,7649.16,7649.16,Normal,0
TXN-0233,Riyadh Logistics,Operations,Net 60,2024-02-07,2024-04-07,2024-04-13,10264.61,10264.61,Normal,0
TXN-0251,KSA Office Depot,Procurement,Net 30,2024-02-07,2024-03-08,2024-03-13,3609.39,3609.39,Normal,0
TXN-0230,SABIC Materials,Procurement,Net 90,2024-02-08,2024-05-08,2024-05-17,17046.13,17046.13,Normal,0
TXN-0320,Aramco Services,IT,Net 30,2024-02-09,2024-03-10,2024-03-15,8918.52,8918.52,Normal,0
TXN-0151,Jeddah Wholesale,Logistics,Net 15,2024-02-10,2024-02-25,2024-02-20,12093.15,12093.15,Normal,0
TXN-0314,Jeddah Wholesale,IT,Immediate,2024-02-10,2024-02-10,2024-02-06,18973.67,18973.67,Normal,0
TXN-0024,SABIC Materials,Operations,Net 60,2024-02-10,2024-04-10,2024-04-18,3165.93,3165.93,Normal,0
TXN-0386,Noor Packaging,Operations,Net 60,2024-02-11,2024-04-11,2024-04-17,11162.5,11162.5,Normal,0
TXN-0081,Riyadh Logistics,Finance,Net 15,2024-02-15,2024-03-01,2024-03-03,8302.09,8302.09,Normal,0
TXN-0108,SABIC Materials,Logistics,Net 60,2024-02-15,2024-04-15,2024-04-24,11380.56,11380.56,Normal,0
TXN-0228,Noor Packaging,Operations,Immediate,2024-02-15,2024-02-15,2024-02-21,4178.9,4178.9,Normal,0
TXN-0091,Eastern Retail Ltd,Procurement,Immediate,2024-02-17,2024-02-17,2024-02-18,10696.39,10696.39,Normal,0
TXN-0102,Gulf Trading Co.,Finance,Net 60,2024-02-17,2024-04-17,2024-04-18,7069.07,7069.07,Normal,0
TXN-0050,Gulf Trading Co.,Procurement,Net 15,2024-02-18,2024-03-04,2024-03-02,2415.27,2415.27,Normal,0
TXN-0187,Jeddah Wholesale,Finance,Net 15,2024-02-21,2024-03-07,2024-03-03,14452.03,14452.03,Normal,0
TXN-0364,Noor Packaging,IT,Net 15,2024-02-22,2024-03-08,2024-03-18,13648.29,13648.29,Normal,0
TXN-0430,KSA Office Depot,Finance,Net 15,2024-02-22,2024-03-08,2024-03-03,2423.6,2423.6,Normal,0
TXN-0083,Jeddah Wholesale,Operations,Net 60,2024-02-23,2024-04-23,2024-05-02,32283.62,32283.62,Normal,0
TXN-0017,Aramco Services,Procurement,Net 60,2024-02-25,2024-04-25,2024-04-21,4401.65,4401.65,Normal,0
TXN-0391,Madinah Goods,Logistics,Net 15,2024-02-26,2024-03-12,2024-03-09,4823.56,4823.56,Normal,0
TXN-0189,SABIC Materials,Logistics,Immediate,2024-02-27,2024-02-27,2024-02-22,5026.93,5026.93,Normal,0
TXN-0429,KSA Office Depot,Finance,Immediate,2024-02-29,2024-02-29,2024-03-10,23080.41,23080.41,Normal,0
TXN-0393,Madinah Goods,Finance,Net 60,2024-02-29,2024-04-29,2024-04-29,3442.02,3442.02,Normal,0
TXN-0312,Al-Rajhi Supplies,Procurement,Net 90,2024-03-01,2024-05-30,2024-06-03,23837.65,23837.65,Normal,0
TXN-0332,Riyadh Logistics,Operations,Net 60,2024-03-01,2024-04-30,2024-04-30,4828.04,4828.04,Normal,0
TXN-0110,KSA Office Depot,IT,Net 15,2024-03-01,2024-03-16,2024-03-25,9324.9,9324.9,Normal,0
TXN-0234,Madinah Goods,IT,Net 90,2024-03-01,2024-05-30,2024-05-30,5876.52,5876.52,Normal,0
TXN-0067,Noor Packaging,Operations,Net 15,2024-03-02,2024-03-17,2024-03-21,9343.09,9343.09,Normal,0
TXN-0128,Noor Packaging,Logistics,Net 90,2024-03-03,2024-06-01,2024-05-29,6291.54,6291.54,Normal,0
TXN-0487,Madinah Goods,Operations,Net 60,2024-03-03,2024-05-02,2024-04-27,5900.2,5900.2,Normal,0
TXN-0197,Madinah Goods,Finance,Net 15,2024-03-03,2024-03-18,2024-03-28,4880.07,4880.07,Normal,0
TXN-0201,Al-Rajhi Supplies,Finance,Net 90,2024-03-04,2024-06-02,2024-06-12,13177.02,13177.02,Normal,0
TXN-0345,Al-Rajhi Supplies,Finance,Net 30,2024-03-05,2024-04-04,2024-04-09,6789.75,6789.75,Normal,0
TXN-0030,Madinah Goods,Procurement,Net 90,2024-03-06,2024-06-04,2024-06-05,7837.26,7837.26,Normal,0
TXN-0300,Aramco Services,Procurement,Net 15,2024-03-08,2024-03-23,2024-03-21,16378.14,16378.14,Normal,0
TXN-0223,Eastern Retail Ltd,Finance,Net 15,2024-03-08,2024-03-23,2024-03-27,17137.22,17137.22,Normal,0
TXN-0417,Noor Packaging,IT,Net 30,2024-03-09,2024-04-08,2024-04-06,34232.19,34232.19,Normal,0
TXN-0008,Eastern Retail Ltd,Procurement,Net 90,2024-03-09,2024-06-07,2024-06-13,18287.04,18287.04,Normal,0
TXN-0144,KSA Office Depot,Finance,Net 90,2024-03-12,2024-06-10,2024-06-12,11472.49,11472.49,Normal,0
TXN-0026,Madinah Goods,Finance,Immediate,2024-03-16,2024-03-16,2024-03-11,10815.53,10815.53,Normal,0
TXN-0168,Jeddah Wholesale,Logistics,Net 90,2024-03-16,2024-06-14,2024-06-22,45135.95,45135.95,Normal,0
TXN-0308,KSA Office Depot,IT,Net 90,2024-03-18,2024-06-16,2024-06-21,6165.61,6165.61,Normal,0
TXN-0125,SABIC Materials,Logistics,Net 60,2024-03-19,2024-05-18,2024-05-27,15827.21,15827.21,Normal,0
TXN-0394,Riyadh Logistics,Logistics,Immediate,2024-03-20,2024-03-20,2024-03-16,42837.41,42837.41,Normal,0
TXN-0161,Riyadh Logistics,Logistics,Net 30,2024-03-22,2024-04-21,2024-04-16,4538.06,4538.06,Normal,0
